gene	hits	min_beta	max_beta	mean_beta	var_beta	min_nlog10p	max_nlog10p	mean_nlog10p	var_nlog10p	min_maf	max_maf	mean_maf	var_maf	info
bepA_3	19	-0.878	-0.691	-0.7008421052631578	0.0018404736842105253	7.094743951251549	9.449771646944907	7.218692777340673	0.2919029182885666	0.04400000000000004	0.10999999999999999	0.10652631578947368	2.292631578947365e-4	ID=MJLLFBCC_05960;eC_number=3.4.-.-;Name=bepA_3;gene=bepA_3;inference=ab initio prediction:Prodigal:2.6,protein motif:HAMAP:MF_00997;locus_tag=MJLLFBCC_05960;product=Beta-barrel assembly-enhancing protease
mshA_6	19	-0.878	-0.691	-0.7008421052631578	0.0018404736842105253	7.094743951251549	9.449771646944907	7.218692777340673	0.2919029182885666	0.04400000000000004	0.10999999999999999	0.10652631578947368	2.292631578947365e-4	ID=MJLLFBCC_05964;eC_number=2.4.1.250;Name=mshA_6;gene=mshA_6;inference=ab initio prediction:Prodigal:2.6,protein motif:HAMAP:MF_01695;locus_tag=MJLLFBCC_05964;product=D-inositol-3-phosphate glycosyltransferase
rutD_2	19	-0.878	-0.691	-0.7008421052631578	0.0018404736842105253	7.094743951251549	9.449771646944907	7.218692777340673	0.2919029182885666	0.04400000000000004	0.10999999999999999	0.10652631578947368	2.292631578947365e-4	ID=MJLLFBCC_05970;eC_number=3.5.1.-;Name=rutD_2;gene=rutD_2;inference=ab initio prediction:Prodigal:2.6,protein motif:HAMAP:MF_00832;locus_tag=MJLLFBCC_05970;product=Putative aminoacrylate hydrolase RutD
