gene	hits	min_beta	max_beta	mean_beta	var_beta	min_nlog10p	max_nlog10p	mean_nlog10p	var_nlog10p	min_maf	max_maf	mean_maf	var_maf	info
gene108920	19	-0.878	-0.691	-0.7008421052631578	0.0018404736842105253	7.094743951251549	9.449771646944907	7.218692777340673	0.2919029182885666	0.04400000000000004	0.10999999999999999	0.10652631578947368	2.292631578947365e-4	ID=CDS108917;Parent=gene108916;locus=PA3059;name=PelF;|ID=gene108916;Alias=PA3059;name=pelF;Dbxref=GeneID:879152|ID=CDS108919;Parent=gene108918;locus=PA3060;name=PelE;|ID=gene108918;Alias=PA3060;name=pelE;Dbxref=GeneID:879153|ID=CDS108921;Parent=gene108920;locus=PA3061;name=PelD;|ID=gene108920;Alias=PA3061;name=pelD;Dbxref=GeneID:880405
